{
  "title": "Contato",
  "meta_title": "Contato",
  "meta_description": "Contato",
  "body": "A Sacro Officium disponibiliza a todos os seus Clientes os seguintes canais de atendimento:\n\n\\- **WhatsApp:** através do nosso número comercial (48) 98811-7884 (Segunda à Sexta-feira, exceto feriados, das 9h às 17h e aos Sábados das 9h às 12h).\n\n\\- **E-mail:** sacroofficium*[@](https://www.duasxicaras.com.br/pages/atendimento@duasxicaras.com.br)gmail.com*\n\n\\- **Central de Atendimento telefônico:** (48) 98811-7884 (Segunda à Sexta-feira, exceto feriados, das 9h às 17h e aos Sábados das 9h às 12h).\n\n\\- **CHAT:** Segunda à Sexta-feira, exceto feriados, das 9h às 17h e aos Sábados das 9h às 12h).",
  "sections": []
}