{
  "title": "Condições de entrega",
  "meta_title": "Condições de entrega",
  "meta_description": "Condições de entrega",
  "body": "Sempre nos esforçaremos ao máximo para entregar todos os produtos aos clientes no menor prazo possível. Entretanto, cabe ressaltar as seguintes observações:\n\nO prazo de entrega informado no momento da compra trata-se apenas de uma previsão fornecida por transportadoras e Correios, podendo ser alterado por fatores alheios ao controle da loja Sacro Officium\n\nA Sacro Officium não se responsabiliza pelo não cumprimento dos prazos de entrega nos seguintes exemplos, não se limitando:\n\n* a endereço de entrega informado incorretamente, incompleto ou desatualizado\n* endereço com restrição de entrega pela transportadora ou Correios, seja por ser região de risco ou inacessível\n* cliente ausente\n* recusa em receber os produtos por parte do Cliente ou terceiros localizados no endereço da entrega\n* mudança de endereço sem a devida notificação à loja Sacro Officium **antes do envio do produto**\n* endereços fechados\n* em caso fortuito, força maior e fatos de terceiros.\n\nA Sacro Officium não se responsabiliza pelo não cumprimento do prazo estabelecido quando o Cliente residir em áreas de risco ou em áreas posteriormente determinadas pelas empresas transportadoras como \"áreas de entrega com prazo diferenciado\". Nessas situações, cabe ao Cliente averiguar se se enquadra em alguma dessas situações antes de finalizar a compra.\n\nO Cliente será responsável pelo pagamento do frete de nova postagem quando houver recusa injustificada do recebimento do produto.\n\nO Cliente poderá optar, no momento da formalização do pedido, pelo modelo de frete a ser contratado para o envio da mercadoria, se atentando não só para os preços, mas também aos **prazos e condições de entrega**.\n\nAlgumas mercadorias estão sujeitas a alteração da forma de postagem, sendo a Sacro Officium responsável eventual custo adicional.\n\nEm caso de grandes eventos promocionais como, por exemplo, Black Friday, bem como períodos nacionalmente reconhecidos pela alta demanda comercial, como por exemplo, o período de Natal, os prazos de entrega poderão sofrer alterações e acréscimos devido à grande demanda.\n\n**ATENÇÃO:** A loja Sacro Officium não se responsabiliza pela retenção de mercadorias na SEFAZ quando esta se dever exclusivamente de obrigação imposta pela Administração Pública ao Cliente, sendo, portanto, necessário seu comparecimento no posto fiscal para que a mercadoria seja liberada, tendo em vista que nestes casos as informações referentes a liberações e pagamentos só são passadas aos interessados.",
  "sections": []
}