{
  "title": "Sobre nós",
  "meta_title": "Sobre nós",
  "meta_description": "Sobre nós",
  "body": "A empresa **Sacro Officium** foi fundada em 06/05/2014 e atua no segmento de Artefatos de Madeira com o CNPJ 20.190.259/0001-50. \\\n\\\nNo mercado, a empresa está localizada na Rodovia Baldicero Filomeno, Nº 7730 - Casa no bairro Ribeirão Da Ilha em Florianópolis - SC, CEP 88064-002. A empresa Sacro Officium está cadastrada na Receita Federal sob o CNAE 1629-3/01 com atividade fim de Fabricação De Artefatos Diversos De Madeira, Exceto Móveis.",
  "sections": [
    {
      "type": "banners-grid",
      "banners": [
        {
          "img": "/img/uploads/painel-quadro-casinhas.jpg"
        },
        {
          "img": "/img/uploads/casinha-g.jpeg"
        }
      ]
    }
  ]
}