{
  "marketing_stripe": {
    "text": "Aproveite nossos descontos de até 40%!",
    "link": "https://sacroofficium.com/casinha-acoriana",
    "background": "#ff0000",
    "color": "#ffffff"
  },
  "contacts_stripe": {
    "pages": [
      {
        "title": "Sobre nós ",
        "link": "https://sacroofficium.netlify.app/pages/sobre-nos"
      }
    ],
    "phone_wpp": true,
    "socials": true
  },
  "categories_list": {
    "featured": [],
    "random": 0,
    "full_width": false
  },
  "desktop_megamenu": false,
  "search_input": true,
  "alphabetical_order_submenu": true,
  "full_width_submenu": false
}