{
  "meta_title": "",
  "meta_description": "",
  "sections": [
    {
      "type": "dynamic-showcase",
      "load_more": true,
      "sort": "sales"
    },
    {
      "type": "banners-grid",
      "banners": [
        {
          "img": "/img/uploads/20180206_185445.jpg",
          "mobile_img": "/img/uploads/20180206_185445.jpg"
        },
        {
          "img": "/img/uploads/20180206_185550.jpg"
        },
        {
          "img": "/img/uploads/20180206_190028.jpg"
        }
      ]
    }
  ]
}